wavenumber_cm1,absorbance
400,0.0500
410,0.0500
420,0.0500
430,0.0500
440,0.0500
450,0.0500
460,0.0500
470,0.0500
480,0.0500
490,0.0500
500,0.0500
510,0.0500
520,0.0500
530,0.0500
540,0.0500
550,0.0500
560,0.0500
570,0.0500
580,0.0500
590,0.0500
600,0.0500
610,0.0500
620,0.0500
630,0.0500
640,0.0500
650,0.0500
660,0.0500
670,0.0500
680,0.0500
690,0.0500
700,0.0500
710,0.0500
720,0.0500
730,0.0500
740,0.0500
750,0.0500
760,0.0500
770,0.0500
780,0.0500
790,0.0500
800,0.0500
810,0.0500
820,0.0500
830,0.0500
840,0.0500
850,0.0500
860,0.0500
870,0.0500
880,0.0500
890,0.0500
900,0.0500
910,0.0500
920,0.0500
930,0.0500
940,0.0500
950,0.0500
960,0.0500
970,0.0500
980,0.0500
990,0.0500
1000,0.0500
1010,0.0500
1020,0.0500
1030,0.0500
1040,0.0500
1050,0.0500
1060,0.0500
1070,0.0500
1080,0.0500
1090,0.0500
1100,0.0500
1110,0.0500
1120,0.0500
1130,0.0500
1140,0.0500
1150,0.0500
1160,0.0500
1170,0.0500
1180,0.0500
1190,0.0500
1200,0.0500
1210,0.0500
1220,0.0500
1230,0.0500
1240,0.0500
1250,0.0500
1260,0.0500
1270,0.0500
1280,0.0500
1290,0.0500
1300,0.0500
1310,0.0500
1320,0.0500
1330,0.0500
1340,0.0500
1350,0.0500
1360,0.0500
1370,0.0500
1380,0.0500
1390,0.0500
1400,0.0500
1410,0.0500
1420,0.0500
1430,0.0500
1440,0.0500
1450,0.0500
1460,0.0500
1470,0.0500
1480,0.0500
1490,0.0500
1500,0.0500
1510,0.0500
1520,0.0500
1530,0.0500
1540,0.0500
1550,0.0500
1560,0.0500
1570,0.0500
1580,0.0500
1590,0.0500
1600,0.0500
1610,0.0656
1620,0.1396
1630,0.3627
1640,0.7120
1650,0.9000
1660,0.7120
1670,0.3627
1680,0.1396
1690,0.0656
1700,0.0500
1710,0.0500
1720,0.0500
1730,0.0500
1740,0.0500
1750,0.0500
1760,0.0500
1770,0.0500
1780,0.0500
1790,0.0500
1800,0.0500
1810,0.0500
1820,0.0500
1830,0.0500
1840,0.0500
1850,0.0500
1860,0.0500
1870,0.0500
1880,0.0500
1890,0.0500
1900,0.0500
1910,0.0500
1920,0.0500
1930,0.0500
1940,0.0500
1950,0.0500
1960,0.0500
1970,0.0500
1980,0.0500
1990,0.0500
2000,0.0500
2010,0.0500
2020,0.0500
2030,0.0500
2040,0.0500
2050,0.0500
2060,0.0500
2070,0.0500
2080,0.0500
2090,0.0500
2100,0.0500
2110,0.0500
2120,0.0500
2130,0.0500
2140,0.0500
2150,0.0500
2160,0.0500
2170,0.0500
2180,0.0500
2190,0.0500
2200,0.0500
2210,0.0500
2220,0.0500
2230,0.0500
2240,0.0500
2250,0.0500
2260,0.0500
2270,0.0500
2280,0.0500
2290,0.0500
2300,0.0500
2310,0.0500
2320,0.0500
2330,0.0500
2340,0.0500
2350,0.0500
2360,0.0500
2370,0.0500
2380,0.0500
2390,0.0500
2400,0.0500
2410,0.0500
2420,0.0500
2430,0.0500
2440,0.0500
2450,0.0500
2460,0.0500
2470,0.0500
2480,0.0500
2490,0.0500
2500,0.0500
2510,0.0500
2520,0.0500
2530,0.0500
2540,0.0500
2550,0.0500
2560,0.0500
2570,0.0500
2580,0.0500
2590,0.0500
2600,0.0500
2610,0.0500
2620,0.0500
2630,0.0500
2640,0.0500
2650,0.0500
2660,0.0500
2670,0.0500
2680,0.0500
2690,0.0500
2700,0.0500
2710,0.0500
2720,0.0500
2730,0.0500
2740,0.0500
2750,0.0500
2760,0.0500
2770,0.0500
2780,0.0500
2790,0.0500
2800,0.0500
2810,0.0500
2820,0.0500
2830,0.0500
2840,0.0500
2850,0.0500
2860,0.0500
2870,0.0601
2880,0.0952
2890,0.1950
2900,0.3837
2910,0.6002
2920,0.7000
2930,0.6002
2940,0.3837
2950,0.1950
2960,0.0952
2970,0.0601
2980,0.0500
2990,0.0500
3000,0.0500
3010,0.0500
3020,0.0500
3030,0.0500
3040,0.0500
3050,0.0500
3060,0.0500
3070,0.0500
3080,0.0500
3090,0.0500
3100,0.0500
3110,0.0500
3120,0.0500
3130,0.0500
3140,0.0500
3150,0.0500
3160,0.0500
3170,0.0500
3180,0.0500
3190,0.0500
3200,0.0500
3210,0.0500
3220,0.0500
3230,0.0500
3240,0.0500
3250,0.0500
3260,0.0500
3270,0.0500
3280,0.0510
3290,0.0550
3300,0.0698
3310,0.1109
3320,0.1961
3330,0.3229
3340,0.4471
3350,0.5000
3360,0.4471
3370,0.3229
3380,0.1961
3390,0.1109
3400,0.0698
3410,0.0550
3420,0.0510
3430,0.0500
3440,0.0500
3450,0.0500
3460,0.0500
3470,0.0500
3480,0.0500
3490,0.0500
3500,0.0500
3510,0.0500
3520,0.0500
3530,0.0500
3540,0.0500
3550,0.0500
3560,0.0500
3570,0.0500
3580,0.0500
3590,0.0500
3600,0.0500
3610,0.0500
3620,0.0500
3630,0.0500
3640,0.0500
3650,0.0500
3660,0.0500
3670,0.0500
3680,0.0500
3690,0.0500
3700,0.0500
3710,0.0500
3720,0.0500
3730,0.0500
3740,0.0500
3750,0.0500
3760,0.0500
3770,0.0500
3780,0.0500
3790,0.0500
3800,0.0500
3810,0.0500
3820,0.0500
3830,0.0500
3840,0.0500
3850,0.0500
3860,0.0500
3870,0.0500
3880,0.0500
3890,0.0500
3900,0.0500
3910,0.0500
3920,0.0500
3930,0.0500
3940,0.0500
3950,0.0500
3960,0.0500
3970,0.0500
3980,0.0500
3990,0.0500
